index,x,y
0,600.0,1350.0
1,619.1974706947803,1355.4052129620686
2,638.3787631988525,1360.8402386773378
3,657.5250774621964,1366.330958995968
4,676.6150027513504,1371.899179648608
5,695.6247746944427,1377.5628508999944
6,714.5285278558731,1383.3362680859864
7,733.2986265420914,1389.2303218133748
8,751.905745267868,1395.252656377852
9,770.3193068504333,1401.4079237356782
10,788.5075271129608,1407.6979218050838
11,806.4377903938293,1414.121855981648
12,824.076783657074,1420.6764724105597
13,841.3906931877136,1427.3562842980027
14,858.3454549312592,1434.1537177562714
15,874.9069690704346,1441.0592928528786
16,891.0411357879639,1448.0618197470903
17,906.7143201828003,1455.1485244184732
18,921.8931555747986,1462.3052649199963
19,936.5450263023376,1469.5166118443012
20,950.6380677223206,1476.7660796642303
21,964.1413807868958,1484.0362172573805
22,977.0251750946045,1491.3087788969278
23,989.260733127594,1498.564824834466
24,1000.8208394050598,1505.784922465682
25,1011.6797089576721,1512.9492167383432
26,1021.8130230903625,1520.0375609099865
27,1031.1984300613403,1527.0296573638916
28,1039.8150086402893,1533.9051380753517
29,1047.6439833641052,1540.6437255442142
30,1054.6684741973877,1547.2253032028675
31,1060.8736753463745,1553.6299757659435
32,1066.246783733368,1559.8383106291294
33,1070.7773566246033,1565.8312372863293
34,1074.4569897651672,1571.5902484953403
35,1077.2797465324402,1577.0974405109882
36,1079.2420148849487,1582.3356740176678
37,1080.3422570228577,1587.2885137796402
38,1080.5818319320679,1591.9404096901417
39,1079.963994026184,1596.2766364216805
40,1078.4947514533997,1600.2835348248482
41,1076.1824369430542,1603.9483711123466
42,1073.0378150939941,1607.2594977915287
43,1069.0741896629333,1610.2063938975334
44,1064.3070816993713,1612.7796851098537
45,1058.7544083595276,1614.9711437523365
46,1052.4365544319153,1616.7737893760204
47,1045.376193523407,1618.1818686425686
48,1037.598216533661,1619.190875440836
49,1029.1295886039734,1619.7975508868694
50,1019.9999928474426,1620.0000040233135
51,1010.240650177002,1619.797571003437
52,999.884569644928,1619.190875440836
53,988.9674067497253,1618.1818686425686
54,977.5264620780945,1616.773809492588
55,965.6002879142761,1614.9711437523365
56,953.2297253608704,1612.7796851098537
57,940.456759929657,1610.2063938975334
58,927.3250579833984,1607.2594977915287
59,913.8791799545288,1603.9483711123466
60,900.1650810241699,1600.2835147082806
61,886.2301290035248,1596.276656538248
62,872.1216201782227,1591.940389573574
63,857.8887820243835,1587.2885338962078
64,843.5800552368164,1582.3356740176678
65,829.2457580566406,1577.0974606275558
66,814.9348139762878,1571.5902283787727
67,800.6975591182709,1565.831197053194
68,786.5833282470703,1559.8382905125618
69,772.6420283317566,1553.6300159990788
70,758.9212417602539,1547.2252830863
71,745.4696327447891,1540.6437054276466
72,732.3345601558685,1533.9051581919193
73,719.560432434082,1527.029637247324
74,707.192462682724,1520.0375206768513
75,695.2734410762787,1512.9492167383432
76,683.8435381650925,1505.7849526405334
77,672.9409798979759,1498.5648449510336
78,662.6021593809128,1491.3087788969278
79,652.8601482510567,1484.0362071990967
80,643.745157122612,1476.7660193145275
81,635.284423828125,1469.516621902585
82,627.5011830031872,1462.3052950948477
83,620.4142011702061,1455.1484942436218
84,614.040070027113,1448.0618298053741
85,608.3885192871094,1441.0592425614595
86,603.4665299579501,1434.1538133099675
87,599.2736434796825,1427.3563446477056
88,595.8059691824019,1420.6765830516815
89,593.0521773174405,1414.1218358650804
90,590.9977337345481,1407.6980827376246
91,589.6167755126953,1401.4079689979553
92,588.8796608895063,1395.252495445311
93,588.7513730674982,1389.230364561081
94,589.1856763511896,1383.3366301842034
95,590.1263806968927,1377.5628835894167
96,591.5151212364435,1371.8989935703576
97,593.2825466617942,1366.3309841416776
98,595.3464888967574,1360.840255022049
99,597.6175689138472,1355.4048873251304
100,600.0,1350.0
101,602.4023146368563,1344.6053243475035
102,604.8178793862462,1339.2419236712158
103,607.258196733892,1333.9393322356045
104,609.7329597920179,1328.7252134643495
105,612.2501436620951,1323.6254121176898
106,614.8161057382822,1318.6639725230634
107,617.4357119947672,1313.8631410896778
108,620.1123051345348,1309.2436202801764
109,622.8479750454426,1304.824274405837
110,625.6435252726078,1300.6223861128092
111,628.4986071288586,1296.6536538675427
112,631.4117677509785,1292.9321995005012
113,634.3805707991123,1289.4706612452865
114,637.4016456305981,1286.280163563788
115,640.4707878828049,1283.3704177290201
116,643.5830175876617,1280.7497268542647
117,646.7326641082764,1278.4250412136316
118,649.9134331941605,1276.4019733294845
119,653.1185120344162,1274.6848432347178
120,656.3404932618141,1273.276794143021
121,659.5716655254364,1272.1796868368983
122,662.8039106726646,1271.3942354544997
123,666.0288199782372,1270.9200477227569
124,669.2377522587776,1270.7556249573827
125,672.4218741059303,1270.8984375
126,675.5722492933273,1271.3449096307158
127,678.6798387765884,1272.0905201509595
128,681.7355990409851,1273.12982250005
129,684.730526804924,1274.4564447551966
130,687.6556634902954,1276.063190214336
131,690.502193570137,1277.942037396133
132,693.2614803314209,1280.0841853022575
133,695.9250032901764,1282.4800685048103
134,698.4845548868179,1285.1194577291608
135,700.9321957826614,1287.991469912231
136,703.2602995634079,1291.0845279693604
137,705.4615616798401,1294.386607222259
138,707.5290709733963,1297.8849738836288
139,709.4562828540802,1301.5664968639612
140,711.2371176481247,1305.4175823926926
141,712.8659337759018,1309.4241740182042
142,714.337545633316,1313.5717601515353
143,715.6472861766815,1317.8456305526197
144,716.7909801006317,1322.230687737465
145,717.7649617195129,1326.7115148715675
146,718.5661375522614,1331.272488925606
147,719.1919505596161,1335.8978347387165
148,719.640389084816,1340.5715740984306
149,719.9100226163864,1345.2777240774594
150,720.0000017881393,1350.0
151,719.9100315570831,1354.7222435474396
152,719.640389084816,1359.4283938407898
153,719.1919416189194,1364.1021966934204
154,718.5661375522614,1368.7275274191052
155,717.7649617195129,1373.2884524390101
156,716.7909801006317,1377.7692971751094
157,715.6472861766815,1382.1543216705322
158,714.337545633316,1386.428272537887
159,712.8659248352051,1390.5758586712182
160,711.2371176481247,1394.5824025198817
161,709.4562917947769,1398.4334528446198
162,707.5290620326996,1402.1150412037969
163,705.4615706205368,1405.6133626028895
164,703.2602995634079,1408.915507234633
165,700.9322047233582,1412.0084999129176
166,698.4845548868179,1414.880502037704
167,695.9250032901764,1417.5199264660478
168,693.2614803314209,1419.9158247560263
169,690.502193570137,1422.057962603867
170,687.6556545495987,1423.9368852227926
171,684.730526804924,1425.5435703322291
172,681.7356258630753,1426.87007188797
173,678.6798387765884,1427.9094697907567
174,675.5722314119339,1428.6551708355546
175,672.4218741059303,1429.1015625
176,669.237756729126,1429.244344867766
177,666.0288199782372,1429.0799321606755
178,662.8039017319679,1428.6057645455003
179,659.5717057585716,1427.820187434554
180,656.3405111432076,1426.7231756821275
181,653.1185254454613,1425.315111503005
182,649.9134376645088,1423.5979914665222
183,646.7326372861862,1421.5750392526388
184,643.5830488801003,1419.2501423880458
185,640.4707744717598,1416.6296124458313
186,637.40169480443,1413.7196956202388
187,634.3805976212025,1410.5292381718755
188,631.4118146896362,1407.0676798000932
189,628.4985937178135,1403.3464014530182
190,625.6435923278332,1399.3774177506566
191,622.8479012846947,1395.1759217306972
192,620.1122626662254,1390.7564878463745
193,617.4356181174517,1386.1371128819883
194,614.8160509765148,1381.3361733220518
195,612.2501134872437,1376.3746557757258
196,609.7330290824175,1371.274605486542
197,607.2582151740789,1366.0606174729764
198,604.8178911209106,1360.7580511830747
199,602.4021721445024,1355.3950063185766
200,600.0,1350.0
201,597.6023663766682,1344.6053243475035
202,595.2186327427626,1339.2419236712158
203,592.8619254380465,1333.9393322356045
204,590.5445393174887,1328.7252134643495
205,588.2779609411955,1323.6254121176898
206,586.0728766769171,1318.6639725230634
207,583.9391984045506,1313.8631964102387
208,581.8860780447721,1309.2436756007373
209,579.9219243228436,1304.824329726398
210,578.0544184148312,1300.62244143337
211,576.2905329465866,1296.6536991298199
212,574.6365532279015,1292.9322447627783
213,573.0980537831783,1289.4706210121512
214,571.6800570487976,1286.2801283597946
215,570.3868389129639,1283.3703875541687
216,569.2220874130726,1280.7496966794133
217,568.1888937950134,1278.4250110387802
218,567.2897569835186,1276.4019532129169
219,566.5265969932079,1274.6848432347178
220,565.9007973968983,1273.276794143021
221,565.4131941497326,1272.1796868368983
222,565.0641046464443,1271.3942354544997
223,564.8533545434475,1270.9200477227569
224,564.7802777588367,1270.7556249573827
225,564.84375,1270.8984375
226,565.0421820580959,1271.3449096307158
227,565.3735645115376,1272.0905201509595
228,565.8354766666889,1273.12982250005
229,566.4250865578651,1274.4564447551966
230,567.139195650816,1276.063190214336
231,567.9742388427258,1277.942037396133
232,568.9262978732586,1280.0841702148318
233,569.9911259114742,1282.480033300817
234,571.1641922593117,1285.1194325834513
235,572.4406376481056,1287.9914347082376
236,573.8153390586376,1291.0845128819346
237,575.282920897007,1294.3865720182657
238,576.8377862870693,1297.885019145906
239,578.4740276634693,1301.566562242806
240,580.1856122910976,1305.4176276549697
241,581.9663140922785,1309.4242067076266
242,583.8096924126148,1313.5718079283834
243,585.7091903686523,1317.8456783294678
244,587.6580834388733,1322.230687737465
245,589.6495621651411,1326.7115148715675
246,591.6766617447138,1331.272488925606
247,593.7323709949851,1335.8978347387165
248,595.8095884881914,1340.5715740984306
249,597.9012107010931,1345.2777240774594
250,600.0,1350.0
251,602.0987749099731,1354.7222435474396
252,604.1903972625732,1359.4283938407898
253,606.2676429748535,1364.1021966934204
254,608.3233455196023,1368.7275274191052
255,610.3504233062267,1373.2884524390101
256,612.3419098556042,1377.7692971751094
257,614.2908096313477,1382.1543216705322
258,616.1902997642756,1386.42817446962
259,618.0336568504572,1390.5757279135287
260,619.8143877089024,1394.5823723450303
261,621.5259790420532,1398.4334528446198
262,623.1622271239758,1402.1150110289454
263,624.7171081602573,1405.613493360579
264,626.1846251785755,1408.915406651795
265,627.5593623518944,1412.0085652917624
266,628.8358077406883,1414.8805674165487
267,630.0088562071323,1417.5199264660478
268,631.0736574232578,1419.91572920233
269,632.0257611572742,1422.057962603867
270,632.8608378767967,1423.9368852227926
271,633.5749201476574,1425.5435703322291
272,634.1644763946533,1426.87007188797
273,634.6264310181141,1427.9094697907567
274,634.9578537046909,1428.6551708355546
275,635.15625,1429.1015625
276,635.2197088301182,1429.244344867766
277,635.1466365158558,1429.0799321606755
278,634.9358953535557,1428.6057645455003
279,634.5867499709129,1427.820187434554
280,634.0991891920567,1426.7231756821275
281,633.4733828902245,1425.315111503005
282,632.7103056013584,1423.5981876030564
283,631.8110704421997,1421.5749084949493
284,630.7778835296631,1419.250237941742
285,629.6130895614624,1416.6294515132904
286,628.3199496567249,1413.719886727631
287,626.9019551575184,1410.5293991044164
288,625.3634691238403,1407.0678055286407
289,623.7094268202782,1403.3462103456259
290,621.9455905258656,1399.3775786831975
291,620.0780868530273,1395.1756954193115
292,618.1138806045055,1390.7562313601375
293,616.0606529563665,1386.1364691518247
294,613.9271881431341,1381.3361733220518
295,611.7220692336559,1376.3746557757258
296,609.4553802162409,1371.274605486542
297,607.1380522102118,1366.0606174729764
298,604.7813560813665,1360.7580511830747
299,602.3977805860341,1355.3950063185766
300,600.0,1350.0
301,597.6023663766682,1344.6053243475035
302,595.2186327427626,1339.2419236712158
303,592.8619254380465,1333.9393322356045
304,590.5445393174887,1328.7252134643495
305,588.2779609411955,1323.6254121176898
306,586.0728766769171,1318.6639725230634
307,583.9391984045506,1313.8631964102387
308,581.8860780447721,1309.2436756007373
309,579.9219243228436,1304.824329726398
310,578.0544184148312,1300.62244143337
311,576.2905329465866,1296.6536991298199
312,574.6365532279015,1292.9322447627783
313,573.0980537831783,1289.4706210121512
314,571.6800570487976,1286.2801283597946
315,570.3868389129639,1283.3703875541687
316,569.2220874130726,1280.7496966794133
317,568.1888937950134,1278.4250110387802
318,567.2897569835186,1276.4019532129169
319,566.5265969932079,1274.6848432347178
320,565.9007973968983,1273.276794143021
321,565.4131941497326,1272.1796868368983
322,565.0641046464443,1271.3942354544997
323,564.8533545434475,1270.9200477227569
324,564.7802777588367,1270.7556249573827
325,564.84375,1270.8984375
326,565.0421820580959,1271.3449096307158
327,565.3735645115376,1272.0905201509595
328,565.8354766666889,1273.12982250005
329,566.4250865578651,1274.4564447551966
330,567.139195650816,1276.063190214336
331,567.9742388427258,1277.942037396133
332,568.9262978732586,1280.0841702148318
333,569.9911259114742,1282.480033300817
334,571.1641922593117,1285.1194325834513
335,572.4406376481056,1287.9914347082376
336,573.8153390586376,1291.0845128819346
337,575.282920897007,1294.3865720182657
338,576.8377862870693,1297.885019145906
339,578.4740276634693,1301.566562242806
340,580.1856122910976,1305.4176276549697
341,581.9663140922785,1309.4242067076266
342,583.8096924126148,1313.5718079283834
343,585.7091903686523,1317.8456783294678
344,587.6580834388733,1322.230687737465
345,589.6495621651411,1326.7115148715675
346,591.6766617447138,1331.272488925606
347,593.7323709949851,1335.8978347387165
348,595.8095884881914,1340.5715740984306
349,597.9012107010931,1345.2777240774594
350,600.0,1350.0
351,602.0987749099731,1354.7222435474396
352,604.1903972625732,1359.4283938407898
353,606.2676429748535,1364.1021966934204
354,608.3233455196023,1368.7275274191052
355,610.3504233062267,1373.2884524390101
356,612.3419098556042,1377.7692971751094
357,614.2908096313477,1382.1543216705322
358,616.1902997642756,1386.42817446962
359,618.0336568504572,1390.5757279135287
360,619.8143877089024,1394.5823723450303
361,621.5259790420532,1398.4334528446198
362,623.1622271239758,1402.1150110289454
363,624.7171081602573,1405.613493360579
364,626.1846251785755,1408.915406651795
365,627.5593623518944,1412.0085652917624
366,628.8358077406883,1414.8805674165487
367,630.0088562071323,1417.5199264660478
368,631.0736574232578,1419.91572920233
369,632.0257611572742,1422.057962603867
370,632.8608378767967,1423.9368852227926
371,633.5749201476574,1425.5435703322291
372,634.1644763946533,1426.87007188797
373,634.6264310181141,1427.9094697907567
374,634.9578537046909,1428.6551708355546
375,635.15625,1429.1015625
376,635.2197088301182,1429.244344867766
377,635.1466365158558,1429.0799321606755
378,634.9358953535557,1428.6057645455003
379,634.5867499709129,1427.820187434554
380,634.0991891920567,1426.7231756821275
381,633.4733828902245,1425.315111503005
382,632.7103056013584,1423.5981876030564
383,631.8110704421997,1421.5749084949493
384,630.7778835296631,1419.250237941742
385,629.6130895614624,1416.6294515132904
386,628.3199496567249,1413.719886727631
387,626.9019551575184,1410.5293991044164
388,625.3634691238403,1407.0678055286407
389,623.7094268202782,1403.3462103456259
390,621.9455905258656,1399.3775786831975
391,620.0780868530273,1395.1756954193115
392,618.1138806045055,1390.7562313601375
393,616.0606529563665,1386.1364691518247
394,613.9271881431341,1381.3361733220518
395,611.7220692336559,1376.3746557757258
396,609.4553802162409,1371.274605486542
397,607.1380522102118,1366.0606174729764
398,604.7813560813665,1360.7580511830747
399,602.3977805860341,1355.3950063185766
400,600.0,1350.0
401,597.6023093797266,1344.5788635173813
402,595.2186327427626,1339.0365448314697
403,592.861869558692,1333.2635023165494
404,590.5445393174887,1327.164278458804
405,588.2779072970152,1320.6546678207815
406,586.0728766769171,1313.6634514667094
407,583.9391481131315,1306.1293115839362
408,581.8860780447721,1298.0029575526714
409,579.9218773841858,1289.2436256632209
410,578.0544184148312,1279.8216942697763
411,576.2904904782772,1269.7147283703089
412,574.6365532279015,1258.9106228202581
413,573.0980537831783,1247.4031515419483
414,571.6800883412361,1235.1956337690353
415,570.3868389129639,1222.2960356622934
416,569.2221164703369,1208.7211042642593
417,568.1888937950134,1194.491046667099
418,567.289774864912,1179.6341769397259
419,566.5265969932079,1164.181112498045
420,565.9008108079433,1148.16989377141
421,565.4131941497326,1131.6398285329342
422,565.064113587141,1114.6370641887188
423,564.8533545434475,1097.2078084945679
424,564.7802822291851,1079.4046059250832
425,564.84375,1061.279296875
426,565.0421865284443,1042.8883083164692
427,565.3735645115376,1024.2901392281055
428,565.8354878425598,1005.5420413613319
429,566.4250865578651,986.7060944437981
430,567.1392157673836,967.8415820002556
431,567.9742388427258,949.0121126174927
432,568.9263179898262,930.2776336669922
433,569.9911259114742,911.7020353674889
434,571.164221316576,893.3449432253838
435,572.4406376481056,875.2693623304367
436,573.8153748214245,857.5337514281273
437,575.282920897007,840.1989832520485
438,576.8377862870693,823.3213439583778
439,578.4739851951599,806.9588899612427
440,580.1856122910976,791.1646887660027
441,581.9662716239691,775.9930953383446
442,583.8096924126148,761.4935159683228
443,585.7091467827559,747.7157592773438
444,587.6580834388733,734.7047254443169
445,589.6495196968317,722.5050732493401
446,591.6766617447138,711.1567541956902
447,593.7323285266757,700.6987139582634
448,595.8095884881914,691.1654725670815
449,597.9011464398354,682.5897797942162
450,600.0,675.0
451,602.0988464355469,668.4224456548691
452,604.1903972625732,662.8802508115768
453,606.2676860019565,658.391922712326
454,608.3233455196023,654.9741983413696
455,610.3504948318005,652.639228105545
456,612.3419098556042,651.3968288898468
457,614.2908666282892,651.2524724006653
458,616.1902997642756,652.2089749574661
459,618.0337283760309,654.2654514312744
460,619.8143877089024,657.417556643486
461,621.5260371565819,661.6581290960312
462,623.1622271239758,666.97638630867
463,624.7171081602573,673.3585685491562
464,626.1846542358398,680.7874962687492
465,627.5593623518944,689.2436966300011
466,628.835778683424,698.7034320831299
467,630.0088562071323,709.1421604156494
468,631.0736998915672,720.5302700400352
469,632.0257611572742,732.8381896018982
470,632.8608088195324,746.0313186049461
471,633.5749201476574,760.075418651104
472,634.164534509182,774.9315842986107
473,634.6264310181141,790.5617147684097
474,634.9578090012074,806.9230824708939
475,635.15625,823.974609375
476,635.2197088301182,841.6715160012245
477,635.1466365158558,859.967976808548
478,634.9358506500721,878.8198158144951
479,634.5867499709129,898.1789141893387
480,634.0992026031017,918.0003717541695
481,633.4733828902245,938.2356271147728
482,632.7101893723011,958.8401421904564
483,631.8110704421997,979.7660395503044
484,630.7778991758823,1000.9703904390335
485,629.6130895614624,1022.4071279168129
486,628.3199362456799,1044.0362803637981
487,626.9019551575184,1065.815019607544
488,625.3634691238403,1087.7073973417282
489,623.7094558775425,1109.6755139529705
490,621.9455905258656,1131.6890135407448
491,620.0781293213367,1153.7163130939007
492,618.1138806045055,1175.7339365780354
493,616.0608965903521,1197.7186392992735
494,613.9271881431341,1219.655454531312
495,611.7221407592297,1241.5306326001883
496,609.4553802162409,1263.339788094163
497,607.1381522342563,1285.081165842712
498,604.7813560813665,1306.76228441298
499,602.397651784122,1328.39435627684
500,600.0,1350.0
501,597.590606007725,1371.6055481694639
502,595.127353258431,1393.2376803830266
503,592.5615565851331,1414.9188743904233
504,589.8507904261351,1436.6600710898638
505,586.9576301425695,1458.469457924366
506,583.850422874093,1480.3446359932423
507,580.5019162595272,1502.281441166997
508,576.8902033567429,1524.2660231888294
509,572.9971669614315,1546.2836869060993
510,568.8096418976784,1568.3110065758228
511,564.3176570534706,1590.3244458138943
512,559.5158323645592,1612.292642891407
513,554.4014006853104,1634.184980392456
514,548.9758372306824,1655.963759869337
515,543.2426825165749,1677.5928117334843
516,537.2093796730042,1699.0296497941017
517,530.8849096298218,1720.2339202165604
518,524.281856417656,1741.1598578095436
519,517.4138277769089,1761.7643728852272
520,510.2977305650711,1781.9996282458305
521,502.9510349035263,1801.8211260437965
522,495.3942507505417,1821.180184185505
523,487.6479148864746,1840.032023191452
524,479.73538041114807,1858.3284839987755
525,471.6796875,1876.025390625
526,463.50591480731964,1893.0769175291061
527,455.240061879158,1909.4382852315903
528,446.90757393836975,1925.068375468254
529,438.53604197502136,1939.924581348896
530,430.1518142223358,1953.9686411619186
531,421.7831611633301,1967.1618103981018
532,413.45672607421875,1979.4696897268295
533,405.2009046077728,1990.857920050621
534,397.04219698905945,2001.2965679168701
535,389.0086054801941,2010.756303369999
536,381.12611174583435,2019.2125037312508
537,373.4217703342438,2026.6413509845734
538,365.9205973148346,2033.02361369133
539,358.6483955383301,2038.3417904376984
540,351.62875056266785,2042.582443356514
541,344.88582015037537,2045.7345485687256
542,338.4415626525879,2047.7911055088043
543,332.318115234375,2048.7474471330643
544,326.5354335308075,2048.6032515764236
545,321.1133658885956,2047.360610961914
546,316.06966853141785,2045.0258016586304
547,311.42165064811707,2041.6079968214035
548,307.1846544742584,2037.1197491884232
549,303.37323546409607,2031.577554345131
550,300.0,2025.0
551,297.07664251327515,2017.4103006720543
552,294.61344480514526,2008.834607899189
553,292.61863231658936,1999.3011251091957
554,291.0996437072754,1988.8432458043098
555,290.06187915802,1977.4948462843895
556,289.5097017288208,1965.2953147888184
557,289.44554328918457,1952.284200489521
558,289.8706555366516,1938.5064840316772
559,290.7846450805664,1924.0069046616554
560,292.18558073043823,1908.8353514671326
561,294.0702795982361,1893.041069805622
562,296.43394947052,1876.6785755753517
563,299.2704749107361,1859.8008960485458
564,302.57222056388855,1842.466127872467
565,306.33053183555603,1824.7306779026985
566,310.5348587036133,1806.6550567746162
567,315.1742935180664,1788.298125565052
568,320.235675573349,1769.7222456336021
569,325.7058620452881,1750.9878873825073
570,331.5694749355316,1732.1582570672035
571,337.81129717826843,1713.293905556202
572,344.4140374660492,1694.4578379392624
573,351.3607621192932,1675.7098205387592
574,358.63248109817505,1657.1116916835308
575,366.2109375,1638.720703125
576,374.07622933387756,1620.5954544246197
577,382.207989692688,1602.7921915054321
578,390.58658480644226,1585.3631973266602
579,399.19062852859497,1568.3604933321476
580,408.0001652240753,1551.830005645752
581,416.99361205101013,1535.8190283179283
582,426.1511743068695,1520.3660242259502
583,435.4515731334686,1505.5092450231314
584,444.8757290840149,1491.2788152694702
585,454.40316796302795,1477.7044773101807
586,464.0161246061325,1464.8041248321533
587,473.69556427001953,1452.5968182832003
588,483.425509929657,1441.0892363637686
589,493.18911731243134,1430.28563875705
590,502.9728949069977,1420.1783057302237
591,512.7628058195114,1410.7562838122249
592,522.5484162569046,1401.997434720397
593,532.3193952441216,1393.8703414052725
594,542.0690909028053,1386.3359928131104
595,551.7913922667503,1379.3449549935758
596,561.4843502640724,1372.836455795914
597,571.1471848189831,1366.736340522766
598,580.78323751688,1360.9634979162365
599,590.3974916785955,1355.421495437622
600,600.0,1350.0
601,609.602465853095,1344.605196104385
602,619.2167468369007,1339.2419236712158
603,628.8528330624104,1333.939206507057
604,638.5155871510506,1328.7252134643495
605,648.2086479663849,1323.6252914182842
606,657.9309493303299,1318.6639725230634
607,667.6806405186653,1313.863083254546
608,677.451565861702,1309.2436756007373
609,687.2371941804886,1304.824224114418
610,697.027114033699,1300.62244143337
611,706.8108648061752,1296.6536035761237
612,716.5745079517365,1292.9322447627783
613,726.3044357299805,1289.4706210121512
614,735.9838932752609,1286.2801987677813
615,745.5968052148819,1283.3703875541687
616,755.1242887973785,1280.749762058258
617,764.5484089851379,1278.4250110387802
618,773.8488256931305,1276.401993446052
619,783.0063879489899,1274.6848432347178
620,791.9998347759247,1273.2768243178725
621,800.8093893527985,1272.1796868368983
622,809.4134151935577,1271.3942555710673
623,817.792010307312,1270.9200477227569
624,825.9237706661224,1270.7556350156665
625,833.7890625,1270.8984375
626,841.367518901825,1271.3449196889997
627,848.6392378807068,1272.0905201509595
628,855.5859446525574,1273.1298476457596
629,862.1887028217316,1274.4564447551966
630,868.430507183075,1276.063235476613
631,874.2941379547119,1277.942037396133
632,879.7643065452576,1280.084215477109
633,884.8257422447205,1282.480033300817
634,889.4651412963867,1285.119497962296
635,893.669468164444,1287.9914347082376
636,897.4277794361115,1291.084593348205
637,900.729489326477,1294.3865720182657
638,903.56605052948,1297.885019145906
639,905.929684638977,1301.5664666891098
640,907.8144192695618,1305.4176276549697
641,909.2153549194336,1309.4241111539304
642,910.1293802261353,1313.5718079283834
643,910.5544209480286,1317.8455802612007
644,910.4903340339661,1322.230687737465
645,909.9380493164062,1326.7114193178713
646,908.9003562927246,1331.272488925606
647,907.3813319206238,1335.8977391850203
648,905.3865551948547,1340.5715740984306
649,902.9233574867249,1345.2775794896297
650,900.0,1350.0
651,896.6268002986908,1354.7224044799805
652,892.8153812885284,1359.4283938407898
653,888.5782778263092,1364.102293504402
654,883.9303314685822,1368.7275274191052
655,878.8865983486176,1373.288613371551
656,873.4645843505859,1377.7692971751094
657,867.6818668842316,1382.1544499136508
658,861.5584373474121,1386.42817446962
659,855.1141798496246,1390.5758888460696
660,848.3712673187256,1394.5823723450303
661,841.3515865802765,1398.4335836023092
662,834.0793669223785,1402.1150110289454
663,826.5781760215759,1405.613493360579
664,818.8738346099854,1408.9154720306396
665,810.9914124011993,1412.0085652917624
666,802.9578030109406,1414.880502037704
667,794.7991669178009,1417.5199264660478
668,786.543220281601,1419.9158247560263
669,778.2168388366699,1422.057962603867
670,769.8481142520905,1423.936819843948
671,761.4639580249786,1425.5435703322291
672,753.09237241745,1426.8702026456594
673,744.7599202394485,1427.9094697907567
674,736.4940851926804,1428.6550702527165
675,728.3203125,1429.1015625
676,720.2646464109421,1429.244344867766
677,712.3520851135254,1429.0799321606755
678,704.6058654785156,1428.6056639626622
679,697.0491081476212,1427.820187434554
680,689.7022247314453,1426.723205856979
681,682.5862348079681,1425.315111503005
682,675.7182329893112,1423.5979260876775
683,669.1152200102806,1421.5749084949493
684,662.790584564209,1419.2502731457353
685,656.7575454711914,1416.6294515132904
686,651.024055480957,1413.7198565527797
687,645.5985859036446,1410.5293991044164
688,640.4841050505638,1407.0678055286407
689,635.6825061142445,1403.3462757244706
690,631.1903581023216,1399.3775786831975
691,627.0027928054333,1395.1757909730077
692,623.1099709868431,1390.7562313601375
693,619.4979295134544,1386.1370173282921
694,616.1493301391602,1381.3361733220518
695,613.042202219367,1376.3748167082667
696,610.1495359092951,1371.274605486542
697,607.4383735656738,1366.0608425270766
698,604.8726657405496,1360.7580511830747
699,602.409553527832,1355.3947165142745
700,600.0,1350.0
701,597.6023093797266,1344.605196104385
702,595.2186327427626,1339.2419236712158
703,592.861869558692,1333.939206507057
704,590.5445393174887,1328.7252134643495
705,588.2779072970152,1323.6252914182842
706,586.0728766769171,1318.6639725230634
707,583.9391481131315,1313.863083254546
708,581.8860780447721,1309.2436756007373
709,579.9218773841858,1304.824224114418
710,578.0544184148312,1300.62244143337
711,576.2904904782772,1296.6536035761237
712,574.6365532279015,1292.9322447627783
713,573.0980537831783,1289.4706210121512
714,571.6800883412361,1286.2801987677813
715,570.3868389129639,1283.3703875541687
716,569.2221164703369,1280.749762058258
717,568.1888937950134,1278.4250110387802
718,567.289774864912,1276.401993446052
719,566.5265969932079,1274.6848432347178
720,565.9008108079433,1273.2768243178725
721,565.4131941497326,1272.1796868368983
722,565.064113587141,1271.3942555710673
723,564.8533545434475,1270.9200477227569
724,564.7802822291851,1270.7556350156665
725,564.84375,1270.8984375
726,565.0421865284443,1271.3449196889997
727,565.3735645115376,1272.0905201509595
728,565.8354878425598,1273.1298476457596
729,566.4250865578651,1274.4564447551966
730,567.1392157673836,1276.063235476613
731,567.9742388427258,1277.942037396133
732,568.9263179898262,1280.084215477109
733,569.9911259114742,1282.480033300817
734,571.164221316576,1285.119497962296
735,572.4406376481056,1287.9914347082376
736,573.8153748214245,1291.084593348205
737,575.282920897007,1294.3865720182657
738,576.8377862870693,1297.885019145906
739,578.4739851951599,1301.5664666891098
740,580.1856122910976,1305.4176276549697
741,581.9662716239691,1309.4241111539304
742,583.8096924126148,1313.5718079283834
743,585.7091467827559,1317.8455802612007
744,587.6580834388733,1322.230687737465
745,589.6495196968317,1326.7114193178713
746,591.6766617447138,1331.272488925606
747,593.7323285266757,1335.8977391850203
748,595.8095884881914,1340.5715740984306
749,597.9011464398354,1345.2775794896297
750,600.0,1350.0
751,602.0988464355469,1354.7224044799805
752,604.1903972625732,1359.4283938407898
753,606.2676860019565,1364.102293504402
754,608.3233455196023,1368.7275274191052
755,610.3504948318005,1373.288613371551
756,612.3419098556042,1377.7692971751094
757,614.2908666282892,1382.1544499136508
758,616.1902997642756,1386.42817446962
759,618.0337283760309,1390.5758888460696
760,619.8143877089024,1394.5823723450303
761,621.5260371565819,1398.4335836023092
762,623.1622271239758,1402.1150110289454
763,624.7171081602573,1405.613493360579
764,626.1846542358398,1408.9154720306396
765,627.5593623518944,1412.0085652917624
766,628.835778683424,1414.880502037704
767,630.0088562071323,1417.5199264660478
768,631.0736998915672,1419.9158247560263
769,632.0257611572742,1422.057962603867
770,632.8608088195324,1423.936819843948
771,633.5749201476574,1425.5435703322291
772,634.164534509182,1426.8702026456594
773,634.6264310181141,1427.9094697907567
774,634.9578090012074,1428.6550702527165
775,635.15625,1429.1015625
776,635.2197088301182,1429.244344867766
777,635.1466365158558,1429.0799321606755
778,634.9358506500721,1428.6056639626622
779,634.5867499709129,1427.820187434554
780,634.0992026031017,1426.723205856979
781,633.4733828902245,1425.315111503005
782,632.7101893723011,1423.5979260876775
783,631.8110704421997,1421.5749084949493
784,630.7778991758823,1419.2502731457353
785,629.6130895614624,1416.6294515132904
786,628.3199362456799,1413.7198565527797
787,626.9019551575184,1410.5293991044164
788,625.3634691238403,1407.0678055286407
789,623.7094558775425,1403.3462757244706
790,621.9455905258656,1399.3775786831975
791,620.0781293213367,1395.1757909730077
792,618.1138806045055,1390.7562313601375
793,616.0608965903521,1386.1370173282921
794,613.9271881431341,1381.3361733220518
795,611.7221407592297,1376.3748167082667
796,609.4553802162409,1371.274605486542
797,607.1381522342563,1366.0608425270766
798,604.7813560813665,1360.7580511830747
799,602.397651784122,1355.3947165142745
800,600.0,1350.0
801,597.6023093797266,1344.594663195312
802,595.2185198664665,1339.159512380138
803,592.8619813174009,1333.669189363718
804,590.5445393174887,1328.1008404679596
805,588.2779072970152,1322.4370409734547
806,586.0727727413177,1316.6634829714894
807,583.9392486959696,1310.7698592357337
808,581.8860780447721,1304.7473838552833
809,579.9218773841858,1298.5919857397676
810,578.054329007864,1292.301836796105
811,576.2905731797218,1285.8783653005958
812,574.6365532279015,1279.323603026569
813,573.0980537831783,1272.6436352357268
814,571.6800235211849,1265.8460458740592
815,570.3868947923183,1258.9409686625004
816,569.2221164703369,1251.9383009523153
817,568.1888937950134,1244.8514252901077
818,567.2897346317768,1237.6945238560438
819,566.5266327559948,1230.483689904213
820,565.9008108079433,1223.2340510934591
821,565.4131941497326,1215.963752567768
822,565.0640979409218,1208.691019937396
823,564.8533634841442,1201.4354970306158
824,564.7802822291851,1194.2152384668589
825,564.84375,1187.0507832616568
826,565.0421865284443,1179.9622781574726
827,565.3735868632793,1172.9700408875942
828,565.8354632556438,1166.0950630903244
829,566.4250865578651,1159.356314688921
830,567.1392157673836,1152.7745962142944
831,567.9742813110352,1146.36974260211
832,568.9262710511684,1140.161870419979
833,569.9911259114742,1134.1688230633736
834,571.164221316576,1128.4096710383892
835,572.4407024681568,1122.9023583233356
836,573.8153032958508,1117.6645070314407
837,575.282920897007,1112.711526453495
838,576.8377862870693,1108.059550076723
839,578.4740634262562,1103.7232227623463
840,580.1855340600014,1099.716605991125
841,581.9662716239691,1096.0516892373562
842,583.8096924126148,1092.7405022084713
843,585.7092473655939,1089.7935055196285
844,587.6579973846674,1087.2204154729843
845,589.6495196968317,1085.028876364231
846,591.6766617447138,1083.226190507412
847,593.732414022088,1081.8180911242962
848,595.8094954490662,1080.8091647922993
849,597.9011464398354,1080.2024491131306
850,600.0,1079.9999959766865
851,602.0988464355469,1080.2024491131306
852,604.1904975660145,1080.8091647922993
853,606.2675714492798,1081.8180911242962
854,608.3233455196023,1083.226190507412
855,610.3504948318005,1085.028876364231
856,612.3420093208551,1087.2204154729843
857,614.2907671630383,1089.7935055196285
858,616.1902997642756,1092.7404820919037
859,618.0337283760309,1096.0516892373562
860,619.8144592344761,1099.716605991125
861,621.5259231626987,1103.7232227623463
862,623.1622271239758,1108.059550076723
863,624.7171081602573,1112.7115465700626
864,626.1846832931042,1117.6644869148731
865,627.5593042373657,1122.9023583233356
866,628.835778683424,1128.4096911549568
867,630.0088562071323,1134.168802946806
868,631.0737289488316,1140.161870419979
869,632.0257186889648,1146.36974260211
870,632.8608088195324,1152.774616330862
871,633.5749201476574,1159.356314688921
872,634.1645054519176,1166.0950228571892
873,634.6264041960239,1172.9700207710266
874,634.9578090012074,1179.9622781574726
875,635.15625,1187.0507832616568
876,635.2197088301182,1194.2152183502913
877,635.1466231048107,1201.4354769140482
878,634.9358662962914,1208.6909897625446
879,634.5867499709129,1215.9636620432138
880,634.0992026031017,1223.2340812683105
881,633.4734119474888,1230.483740195632
882,632.7102899551392,1237.6945439726114
883,631.8110704421997,1244.8513749986887
884,630.7778991758823,1251.9383311271667
885,629.6130895614624,1258.9409586042166
886,628.3199496567249,1265.8459905534983
887,626.9019551575184,1272.6436553522944
888,625.3634691238403,1279.323643259704
889,623.7094111740589,1285.8783250674605
890,621.9456620514393,1292.3018217086792
891,620.0781293213367,1298.5919957980514
892,618.1138806045055,1304.7473134472966
893,616.0607814788818,1310.7699246145785
894,613.9273166656494,1316.663661506027
895,611.7221407592297,1322.4371465854347
896,609.4553802162409,1328.1006845645607
897,607.1379661560059,1333.6690799798816
898,604.781542159617,1339.1596481669694
899,602.397651784122,1344.5945657556877
900,600.0,1350.0
901,597.5976280868053,1355.368471937254
902,595.1820055022836,1360.5529363732785
903,592.7418619394302,1365.3848680201918
904,590.2670402079821,1369.7138502728194
905,587.7497959882021,1373.4040849842131
906,585.1837702095509,1376.3356296345592
907,582.5643818825483,1378.4030721522868
908,579.8877261579037,1379.5156088657677
909,577.1519936621189,1379.5951799489558
910,574.35637190938,1378.5767384804785
911,571.5014956891537,1376.40764946118
912,568.5882680118084,1373.0461307801306
913,565.6193934381008,1368.4619195759296
914,562.598242610693,1362.634943285957
915,559.5293194055557,1355.5556245381013
916,556.4170226454735,1347.2215801477432
917,553.2673001289368,1337.6410082448274
918,550.0864550471306,1326.8296393565834
919,546.881639957428,1314.8120018653572
920,543.6595782637596,1301.6162602230906
921,540.4283344745636,1287.280485033989
922,537.1960088610649,1271.8477936461568
923,533.971332013607,1255.3685076534748
924,530.7623282074928,1237.8933560103178
925,527.5781258940697,1219.482421875
926,524.4276791810989,1200.1984890550375
927,521.3200181722641,1180.1081232726574
928,518.2644724845886,1159.283372014761
929,515.269473195076,1137.7932250499725
930,512.3442649841309,1115.7151512801647
931,509.4976633787155,1093.1269012391567
932,506.73860907554626,1070.110309123993
933,504.0750324726105,1046.7419385910034
934,501.5154093503952,1023.1059573590755
935,499.0677148103714,999.2853462696075
936,496.73978090286255,975.3657013177872
937,494.53845620155334,951.4258190989494
938,492.47091114521027,927.5513157248497
939,490.5436545610428,903.8248300552368
940,488.7629359960556,880.3304895758629
941,487.13408410549164,857.144857943058
942,485.66244542598724,834.3499302864075
943,484.3526691198349,812.0234772562981
944,483.2090735435486,790.2443155646324
945,482.2350561618805,769.0822497010231
946,481.43386244773865,748.6117511987686
947,480.8080404996872,728.9024636149406
948,480.35962879657745,710.023145377636
949,480.0899773836136,692.0345887541771
950,479.99999821186066,675.0
951,480.0899773836136,658.9777171611786
952,480.35962879657745,644.0227389335632
953,480.8080404996872,630.1880925893784
954,481.43386244773865,617.519161105156
955,482.2350561618805,606.062051653862
956,483.2090735435486,595.8577215671539
957,484.3526691198349,586.9439899921417
958,485.6624364852905,579.3526411056519
959,487.13408410549164,573.1136083602905
960,488.7629359960556,568.2526409626007
961,490.5436545610428,564.791464805603
962,492.47091114521027,562.7463340759277
963,494.53846514225006,562.1316522359848
964,496.73977196216583,562.9568338394165
965,499.0677148103714,565.2263849973679
966,501.5154182910919,568.9424782991409
967,504.07502353191376,574.1022169589996
968,506.73860907554626,580.6990832090378
969,509.4976633787155,588.7218922376633
970,512.3442739248276,598.1576889753342
971,515.269473195076,608.9882880449295
972,518.2644546031952,621.1921244859695
973,521.3200092315674,634.7421616315842
974,524.4276791810989,649.6129721403122
975,527.5781258940697,665.771484375
976,530.7623192667961,683.1828162074089
977,533.9713230729103,701.8090277910233
978,537.1959954500198,721.6075524687767
979,540.4282942414284,742.5385594367981
980,543.6595916748047,764.5540103316307
981,546.8816623091698,787.6063093543053
982,550.0864639878273,811.6428717970848
983,553.267277777195,836.6162225604057
984,556.4170360565186,862.4698743224144
985,559.5293149352074,889.1493111848831
986,562.598218023777,916.5953904390335
987,565.6194023787975,944.7562113404274
988,568.5882858932018,973.5717460513115
989,571.5014778077602,1002.9842600226402
990,574.3563652038574,1032.9324379563332
991,577.1519981324673,1063.3647210896015
992,579.8876948654652,1094.2214839160442
993,582.5644109398127,1125.446118414402
994,585.1838495582342,1156.9815538823605
995,587.7498429268599,1188.7809991836548
996,590.2669709175825,1220.7905419170856
997,592.7418133243918,1252.9612183570862
998,595.1820658519864,1285.2444771677256
999,597.5975847803056,1317.604923248291
